ID,Title,Location,Summary
https://kr.indeed.com/jobs?q=python&limit=50&vjk=eff6d38d4767ff87,Software Engineer,서울,"parallel computing TECHNOLOGIES: Languages programming: Python, GO, C++, Java, Scala, JavaScript, TypeScript DevOps: Docker..."
https://kr.indeed.com/jobs?q=python&limit=50&vjk=aa2836bca0adca28,Business Analyst,서울,"engineering related research. • Broad working knowledge of Python, Excel (inc. automation skills), Relational DBs, SQL..."
https://kr.indeed.com/jobs?q=python&limit=50&vjk=c7d52aeb22295927,데이터표준품질부문 경력직 (정규직),서울 강남구,데이터분석|인터넷·IT·통신·모바일·게임>빅데이터·AI(인공지능)> Python|인터넷·IT·통신·모바일·게임>빅데이터·AI(인공지능)>R|인터넷... DBA>MySQL|인터넷·IT·통신·모바일·게임>응용프로그래머> Python
https://kr.indeed.com/jobs?q=python&limit=50&vjk=f862c821b0734933,[NAVER Cloud] Media 서비스 개발,서울,"다양한 개발 경험 또는 Go, Python, C/C++등을 이용한 플랫폼... 가능하신 분 - Java, Kotlin, Golang, C, C++, Python, node.js, typescript 등으로 작성된 코드 및 프레임..."
https://kr.indeed.com/jobs?q=python&limit=50&vjk=28c1aeb3231ffc45,대졸자 취업 연계 과정 신입생 (10개월 과정),전주 덕진구,통신·모바일·게임>웹프로그래머> Python|인터넷·IT·통신·모바일·게임... 탈제어시스템|인터넷·IT·통신·모바일·게임>빅데이터·AI(인공지능)> Python|인터넷·IT·통신·모바일·게임>빅데이터·AI(인공지능)>머신러닝|인터...
https://kr.indeed.com/jobs?q=python&limit=50&vjk=f994aab17cae31fb,[NAVER Cloud] 빅데이터 분석 플랫폼 엔지니어,서울,"환경, 개발 및 운영에 대한 전문적인 지식을 보유 - Linux 에서 프로젝트 진행 가능 - Java, Python, Go 중 한 가지 언어를 능숙하게 사용할 수 있는 능력 - Hadoop 및 Hadoop ecosystem..."
https://kr.indeed.com/jobs?q=python&limit=50&vjk=e5b0e8c7af5a51ab,"[TmaxMetaverse/R&D] 게임 엔진, 게임 서버, 메타버스 스튜디오 개발자 (2022년 상반기 신...",성남 분당구,"유경험자 - 리액트 기반 개발 유경험자 [주 사용 언어] - C++, C# - Java Script - Python - Spring, React - HTML [지원 시 참고 사항] - 기술, 경험, 지식 등이 상세히 담긴..."
https://kr.indeed.com/jobs?q=python&limit=50&vjk=656b0a8d756e991c,뱅크웨어글로벌(주)·(주)유클릭 연계형 교육생,성남 분당구,통신·모바일·게임>웹프로그래머> Python|인터넷·IT·통신·모바일·게임... 래머>머신러닝(ML)|인터넷·IT·통신·모바일·게임>응용프로그래머> Python|인터넷·IT·통신·모바일·게임>응용프로그래머>JAVA|인터넷·IT·통신...
https://kr.indeed.com/jobs?q=python&limit=50&vjk=ef83fe4e6441cae1,Data Scientist (IBM Client Engineering),서울,"derive meaningful data insights (e.g., Python, R, Spark, TensorFlow, Jupyter, etc... language... Python or R Preferred..."
https://kr.indeed.com/jobs?q=python&limit=50&vjk=8db37a8ce733ca9f,Field Service Engineer,서울,"experience with system administrative scripting. (bash, Python, etc.). 3+ years experience with modern server deployment..."
https://kr.indeed.com/jobs?q=python&limit=50&vjk=11e439fcbba33cba,소프트웨어(SW) 프로그램 개발자 정규직 수시,청주 흥덕구,"low level image processing)ㆍJava : UI program, python / C++ 검사프로그램과 통신ㆍ Python : Deep learning S/W 개발 [근무시간 및 형태] 주 5일 근무 (오전..."
https://kr.indeed.com/jobs?q=python&limit=50&vjk=dc74730c92ce5050,Data Scientist,서울 영등포구,"기반 예측, 모델링 프로젝트 경험자 데이터 분석/모델링을 위한 언어 및 프레임워크 사용에 익숙하신 분 ( Python, R, SQL, Pandas, TensorFlow, Pytorch, Spark 등) 회사 내부 구성원들과..."
https://kr.indeed.com/jobs?q=python&limit=50&vjk=40feb5009f03b3f2,2. 인프라개발팀 백엔드 개발자,성남 분당구,래머>백엔드|인터넷·IT·통신·모바일·게임>웹프로그래머>PHP |인터넷·IT·통신·모바일·게임>응용프로그래머> Python|인터넷·IT·통신·모바일·게임>응용프로그래머>Linux|인터넷·IT·통신·모바일·게임>ERP·시스템분석...
https://kr.indeed.com/jobs?q=python&limit=50&vjk=8a48c202f69d2877,Front-end 웹/앱 개발자 (병역특례 가능),서울 마포구,"하여 Python기반의 Window App 개발 경험 보유 [담당업무] - Android, React(web) 기반의 UI위주의 구현 - Python... 통신·모바일·게임>응용프로그래머> Python|인터넷·IT·통신·모바일·게임..."
https://kr.indeed.com/jobs?q=python&limit=50&vjk=26a873f3868fb16b,KAIST 문술미래전략대학(김형준 교수 연구실) 연수연구원(Post-Doc) 채용 공고,대전 유성구,"구분 주요내용 지원자격 - 해당분야 박사학위 소지자 및 취득예정자 ( 임용일 기준 박사학위 소지자 ) - Python, Julia, Fortran 중 최소한 한 가지 이상의 언어에 높은 수준의 기술 - 높은 수준의 회화 및..."
https://kr.indeed.com/jobs?q=python&limit=50&vjk=75d3dcc0d2c3f37f,Tier-3 Support Engineer,서울,"2 years Proven experience with Linux, Windows, Bash and Python Prior hands-on work with cloud environments (AWS/GCP/Oracle..."
https://kr.indeed.com/jobs?q=python&limit=50&vjk=87e6d02f116aab21,"[입사축하금100만원, 전문연구요원] 데이터사이언티스트 / 영상인식 개발자",서울 금천구,"문제 해결 경험 보유자ㆍSQL, Python, R 등 통계/분석 프로그램... 빅데이터·AI(인공지능)> Python|인터넷·IT·통신·모바일·게임>응용프로그래머>C·C++|인터넷·IT·통신·모바일·게임>응용프로그래머> Python"
https://kr.indeed.com/jobs?q=python&limit=50&vjk=152f62981bc4da6d,사물인터넷(IoT) 아두이노 개발 신입/경력 정규직,경기도 파주,통신·모바일·게임>시스템프로그래머>임베디드(Embedded)|인터넷·IT·통신·모바일·게임>응용프로그래머> Python|인터넷·IT·통신·모바일·게임>소프트웨어·하드웨어>하드웨어|인터넷·IT·통신·모바일·게임>소프트웨어·하드웨...
https://kr.indeed.com/jobs?q=python&limit=50&vjk=25d823b03a3113d5,Sr. Application Engineer - AMS,경기도 성남,"plus Proficiency in Linux shell scripting, Tcl, and Python programming is a plus Proven ability to map simulator capabilities..."
https://kr.indeed.com/jobs?q=python&limit=50&vjk=99a946dcab67c20f,[DI팀] Data Engineer (데이터 어플리케이션 개발),서울 강남구,인공지능)> Python|인터넷·IT·통신·모바일·게임>ERP·시스템분석·설계>빅데이터|인터넷·IT·통신·모바일·게임>ERP·시스템분석·설계>AWS|인터넷·IT·통신·모바일·게임>응용프로그래머> Python|인터넷·IT·통신...
https://kr.indeed.com/jobs?q=python&limit=50&vjk=d0a8ab481bb3fa3c,11번가 데이터 아키텍처/데이터 엔지니어 분야,서울 중구,"MYSQL, ERD, 표준화 관리 Python, Kafka, MongoDB... 능숙하신 분개발자/기획자 인터뷰를 통한 설계 및 데이터 개발 가능자 Python, Java 를 통한 데이터 처리와 Batch Program 개발우대..."
https://kr.indeed.com/jobs?q=python&limit=50&vjk=424c40da403d9398,금융공학연구 신입/경력/병역특례 채용,서울 여의도,"Data Science 프로젝트 경험 Big Data에 대한 분석능력( Python, R, Excel, Tableau 등) DevOps (신입/경력... AICPA/FRM 자격증 우대 Python/R/VBA/SQL 등 코딩 개발..."
https://kr.indeed.com/jobs?q=python&limit=50&vjk=2cea89628083fd37,"[국비지원 전액무료 80명]AI(인공지능),BC(블록체인) 교육생",세종특별자치시 세종,통신·모바일·게임>빅데이터·AI(인공지능)>데이터분석|인터넷·IT·통신·모바일·게임>빅데이터·AI(인공지능)> Python|인터넷·IT·통신·모바일·게임>빅데이터·AI(인공지능)>머신러닝|인터넷·IT·통신·모바일·게임>빅데이터...
https://kr.indeed.com/jobs?q=python&limit=50&vjk=8d05eb89c3dfb9f3,IT/AI 개발 팀원/팀장,서울 용산구,(주)제이로고스 IT/AI 개발 팀원/팀장을 모집합니다. 모집부문 및 자격요건 담당업무 자격요건 인원 ﻿JAVA / Python 프로그래머 경력사항: 경력(연차무관) 학력사항: 대학교(4년)졸업 이상 0 명 근무조건 고용형태: 정규직...
https://kr.indeed.com/jobs?q=python&limit=50&vjk=be6c1f03fa566f8e,추천 시스템 연구/개발,성남 판교역,"분야 석사 또는 박사 학위 소지자 적어도 하나 이상의 능숙한 프로그래밍 언어가 있으신 분 우대사항 Python, C++, GPU 프로그래밍 숙련자 TensorFlow, PyTorch, implicit 등 머신러닝/추천..."
https://kr.indeed.com/jobs?q=python&limit=50&vjk=e658236007117d98,Junior Business Analyst (Non-tech),서울,"의와 체계적 사고체계를 갖추신 분 [우대 조건] 이커머스, 리테일, 물류 관련 도메인 경험을 보유하신 분 Python, R 등 기타 프로그램 언어 사용 경험을 보유하신 분 한국어 및 영어 모두 능숙한 커뮤니케이션이 가능하..."
https://kr.indeed.com/jobs?q=python&limit=50&vjk=b0e39e829a425353,카카오 광고 최적화 연구 및 개발,성남 판교역,"활용한 어플리케이션 개발 지원자격 하나 이상의 프로그래밍 언어에 익숙한 분 (C/C++, Java, Python, Go, Scala 등) [알고리즘 개발 업무 관련 지원 경우] 데이터 마이닝 또는 머신러닝 지식/경험이..."
https://kr.indeed.com/jobs?q=python&limit=50&vjk=6a8791b32ddfb999,[웹젠] DBA(경력),성남 분당구,있는 분 - DB 서버 모니터링 및 장애 대응 경험이 있는 분 - Python에 관심이 있고 경험이 있는 분 • 기타 - 수시채용은 공고 게시 중에도... 장애 대응 경험이 있는 분 - Python에 관심이 있고 경험이 있는 분...
https://kr.indeed.com/jobs?q=python&limit=50&vjk=34f22fafb415ec3c,Data Analyst,서울 영등포구,"가지신 분 Business Intelligence 시스템 및 비즈니스 리포팅 툴의 활용 능력 프로그래밍 언어( Python/R, etc)를 활용하여 데이터 분석이 가능하신 분 더 나은 데이터 기반 서비스를 만들기 위해 동료들과..."
https://kr.indeed.com/jobs?q=python&limit=50&vjk=f3032f72a38e5aff,Sr. Application Engineer Consultant - HAV,경기도 성남,"software engineering Knowledge of scripting using Perl, Python, Makefile with UNIX... LINUX platforms Knowledge..."
https://kr.indeed.com/jobs?q=python&limit=50&vjk=fa01a0c4f94da847,"C·C++, C# 외 신입/경력 정규직",서울 서초구,게임>응용프로그래머>C#|인터넷·IT·통신·모바일·게임>응용프로그래머>Visual C++(MFC·ATL)|인터넷·IT·통신·모바일·게임>응용프로그래머> Python|인터넷·IT·통신·모바일·게임>응용프로그래머>가상현실(VR)
https://kr.indeed.com/jobs?q=python&limit=50&vjk=919f3e5da2efbc55,머신러닝/딥러닝 모델 기반 음성인식 서비스 백엔드 개발자,서울 구로구,통신·모바일·게임>웹프로그래머> Python|인터넷·IT·통신·모바일·게임... 공지능)> Python|인터넷·IT·통신·모바일·게임>빅데이터·AI(인공지능)>인공지능(AI)|인터넷·IT·통신·모바일·게임>응용프로그래머> Python
https://kr.indeed.com/jobs?q=python&limit=50&vjk=3e7b756ca8ec169f,가상화 엔지니어 정규직,서울 서초구,DM/NV 등) 우대사항 1) 정보처리산업기사 이상의 자격을 보유하신 분 2) PowerShell/Bash/ Python 등 System Script 경험이 있는 분 기타정보 1) 삼성전자 반도체 사업장 VMware 가상화...
https://kr.indeed.com/jobs?q=python&limit=50&vjk=1515388586ff5498,4년제 대졸 취업연계과정(ICT·바이오·응용SW분야/전공무관/취업률100),성남 분당구,게임>빅데이터·AI(인공지능)> Python|인터넷·IT·통신·모바일·게임... 로그래머>머신러닝(ML)|인터넷·IT·통신·모바일·게임>응용프로그래머> Python|인터넷·IT·통신·모바일·게임>응용프로그래머>증강현실(AR)|인터넷...
https://kr.indeed.com/jobs?q=python&limit=50&vjk=a0dda478567db352,"(주)트윔 개발자(경력직) 빅데이터,영상처리,머신비전/AI 딥러닝",경기도 화성,"자기주도적으로 진행한 경험 - Python/C/C++ 능통자 - 데이터... RNN 등 딥러닝 이론 및 알고리즘 유경험자 - C/C++, Java, Python/TensorFlow/Caffe 사용가능자 - Matlab/R 분석..."
https://kr.indeed.com/jobs?q=python&limit=50&vjk=109c5533ffdaaa84,[DB금융투자] 2021년 하반기 신입사원 모집,서울 대치동,"개선, 신규 서비스 기획 등 프로젝트 진행 전공 제한없음 ※ JAVA, Objective-C/Swift, Python 등 기술보유자 우대... 금융관련 자격증 보유자 우대 ※ 영어 능통자 우대 0명 서울 (여의도..."
https://kr.indeed.com/jobs?q=python&limit=50&vjk=16bef2be27515eef,경영지원부문 신입사원 채용,서울 평동,"수학 · 응용통계학 · 컴퓨터공학 · 산업공학 ※ SQL, R 또는 Python 프로그래밍 가능자 IT기획 컴퓨터공학 · 정보통신학· 데이터학... 공학 · 컴퓨터공학 ※ R 또는 Python 프로그래밍 가능자 플랜트구매..."
https://kr.indeed.com/jobs?q=python&limit=50&vjk=2f209edc482fdad4,"Senior System Software Engineer, DRIVE OS and BSP",서울,"SoC architectures... chip components. Strong knowledge of C/C++/ Python, QNX... Linux OS. Understanding of CPU/GPU..."
https://kr.indeed.com/jobs?q=python&limit=50&vjk=60897e7668c2f24c,LINE Desktop Client 개발,대한민국,발부터 배포까지 다양한 경험을 쌓으신 분 FFmpeg 소스 구조를 이해하고 능숙하게 이용할 줄 아시는 분 Python 스크립트를 능숙하게 다룰 줄 아시는 분 근무지 서현역 분당스퀘어 (※ 본 포지션은 협의에 따라 Remote...
https://kr.indeed.com/jobs?q=python&limit=50&vjk=b4a7ac21faba2e67,검색 인프라 엔지니어,서울 서초구,"분을 찾고 있어요 널리 쓰이는 프로그래밍 언어(Golang, java, python, c++, javascript 등) 한 가지 이상에 능숙하신 분... 통신·모바일·게임>응용프로그래머> Python|인터넷·IT·통신·모바일·게임..."
https://kr.indeed.com/jobs?q=python&limit=50&vjk=c5685a32445180f3,[커머스&서비스 플랫폼] 백엔드 엔지니어 (전문연구요원 가능),서울,"이런 분을 찾습니다 컨테이너 기반 환경의 서비스 구축 경험이 있으신 분 Flask, FastApi 등 Python 기반 웹어플리케이션 서버 개발 경험이 있으신 분 RDBMS 또는 Elasticsearch 등을 활용한 시스템..."
https://kr.indeed.com/jobs?q=python&limit=50&vjk=119a763a71f6570d,경력 개발자,경상남도,래머>백엔드|인터넷·IT·통신·모바일·게임>웹프로그래머>프론트엔드|인터넷·IT·통신·모바일·게임>웹프로그래머> Python|인터넷·IT·통신·모바일·게임>응용프로그래머>생체인식(바이오인식)|인터넷·IT·통신·모바일·게임>응용프...
https://kr.indeed.com/jobs?q=python&limit=50&vjk=6bf56046b60b8111,[NAVER Cloud] 빅데이터 분석 플랫폼 개발,서울,"리눅스 환경, 개발 및 운영에 대한 전문적인 지식을 보유 - Linux에서 프로젝트 진행 가능 - Java, Python,Go 중 한 가지 언어를 능숙하게 사용할 수 있는 능력 - Hadoop 및 Hadoop ecosystem..."
https://kr.indeed.com/jobs?q=python&limit=50&vjk=aac8e9355cb855ac,[인재풀] 아티스트,서울,Maya or 3D Max등의 아트웍 툴 사용 경험 Max script 또는 Mel Script의 사용 경험 C# 또는 Python 언어에 대한 이해 및 활용 능력 아트웍 관련 툴 제작 또는 플러그인 제작 경험
https://kr.indeed.com/jobs?q=python&limit=50&vjk=af5683389907a8c9,백엔드 개발자 (경력),서울 역삼동,"데이터 관리 (Auth0) - 블록체인 지갑 인증 (Ethereum, EOS) [자격요건] - 백엔드 & Python 실무 개발경험 3년 이상 혹은 그에 준하는 능력을 갖고 있으신 분 - 새로운 기술에 대해 호기심을 갖고..."
https://kr.indeed.com/jobs?q=python&limit=50&vjk=03231b8a316c3238,Software Architect - HSV,경기도,"skill in Python, are interested... joining our R&D team. Required skills: Python – 2+ years hands-on experience Linux..."
https://kr.indeed.com/jobs?q=python&limit=50&vjk=9214061c8bc345b2,FX,서울 서초구,후디니 사용자 – 이펙트 요소 표현에 뛰어난 감각 소유 – VFX 파이프라인에 대한 이해도 우대사항 – Python 등 Scripting 유경험자 전형절차 서류전형 1차 실무면접 2차 임원면접 최종합격 서류전형 1차 실무면...
https://kr.indeed.com/jobs?q=python&limit=50&vjk=c2a5f6e36b003785,Senior Data Scientist - Korea,서울 강남구,"evaluation, and deployment. Programming: experience in Python and SQL required. Cloud Computing: experience with GCP Big..."
https://kr.indeed.com/jobs?q=python&limit=50&vjk=61260b76fd67e0e1,AI Solution (Application SW) 개발자,성남 분당구,무관- Android Application SW 개발 경험- JAVA/ Python 사용 가능[우대 사항 ]- 머신러닝/딥러닝 기반의 솔루션 개발 경험... 통신·모바일·게임>응용프로그래머> Python|인터넷·IT·통신·모바일·게임...
https://kr.indeed.com/jobs?q=python&limit=50&vjk=53f97fb4fe79e550,반도체 회로설계,성남 판교역,"제공 • 참고사항 - Scripting and Automation ( Python, Tcl, Perl 등) 사용 가능자 우대 - 회로 설계툴 (EDA... 에 대한 이해 - C/C++, python, perl, tcl등 프로그래밍..."
https://kr.indeed.com/jobs?q=python&limit=50&vjk=54a5b74e8d643ed7,"Senior In-Memory DB SSA, World Wide Specialists, Database",서울,"more computer languages... Java, C++, Perl, Ruby or Python · Hands-on experience with Amazon Web Service · 아마존은 구성원의 다양성..."
https://kr.indeed.com/jobs?q=python&limit=50&vjk=40f9a1d2c81f00a2,FY2022 상반기 경력사원 채용[플랫폼 Data Scientist],서울 종로동,"library 등) 및 활용 역량 • 데이터 분석/모델링 위한 언어/Framework 활용 역량 ( Python, R, SQL, TensorFlow, PyTorch 등) [우대사항] • ML, 통계학, 수학, 기타 정량적..."
https://kr.indeed.com/jobs?q=python&limit=50&vjk=8ecedf5f94e80b3b,[TmaxOS/R&D] OS부문 개발자(2022년 상반기 신입 공채(Frontier 8기) 및 경력직),성남 분당구,CD 개발 운영 [주 사용 언어] - C/C++ - JavaScript/TypeScript - Java - Python 자격요건 - 4년제 대졸(학사) 이상 / 기졸업자 또는 22년 8월 졸업 예정자 - 컴퓨터 및 전산관련...
https://kr.indeed.com/jobs?q=python&limit=50&vjk=f21952a2d7a0bfd8,"[Robotics] Robotics Software Engineer, Navigation",서울,"요역량 ㅇ 컴퓨터 공학, 로봇 공학, 전자 공학 등 관련 기술 분야 석사 이상 학위 또는 3년 이상의 경력 ㅇ Python 혹은 C++ 언어의 능숙한 활용 ㅇ ROS/ROS2 혹은 유사한 framework를 활용한 robot..."
https://kr.indeed.com/jobs?q=python&limit=50&vjk=6cfffc13b8a012c3,Product Test Engineer,서울,"Knowledge of Compute Language in either C++/C or VB, Python is preferred.. Good command of oral and written English. Good..."
https://kr.indeed.com/jobs?q=python&limit=50&vjk=8c8c96a3ffac77f8,데이터 엔지니어 경력 정규직,서울 중구,"Redshift, Snowflake 등) 설계, 개발, 운영 경험• Python/R/dbt, Kafka/Airflow 등을 사용하여 데이터 전처리를... 게임>빅데이터·AI(인공지능)> Python|인터넷·IT·통신·모바일·게임..."
https://kr.indeed.com/jobs?q=python&limit=50&vjk=8c32b5db8ab28c7d,"[광고 추천] 데이터 과학자, 기계학습(머신러닝) 전문가 모집",성남 판교역,"학습(머신러닝), 딥러닝에 관한 지식과 경험이 풍부한 분 하나 이상의 프로그래밍 언어에 능통한 분 (예, Python, R, Java, Scala, C/C++, Golang 등) 단, 주니어는 기계학습 기초 지식과 개발 역량..."
https://kr.indeed.com/jobs?q=python&limit=50&vjk=3e1b8e1243910f18,eBeam System Engineer for R&D Extension Korea,경기도 화성,"organizations Capability & programing experience with MATLAB, Python, etc. Qualifications Education: Bachelor's Degree..."
https://kr.indeed.com/jobs?q=python&limit=50&vjk=754be9e3d78fa802,2021년 상반기 R&D 개발자 (병역특례 가능/경력 무관),인천 연수구,"담당업무: - 블루투스 메시 기반 위치 추적 솔루션 개발 - 상기 솔루션의 임베디드 펌웨어 개발 - C(필수), Python, Javascript 프로그래밍 언어 사용 - 기술 지원 [자격요건] 경력사항: 무관 (신입도 지원..."
https://kr.indeed.com/jobs?q=python&limit=50&vjk=3ee36bdc09e03808,Korea - Site Reliability Engineering Lead,서울,"other modern enterprise languages (functional or other -Scala, Python, Golang, etc.) is preferred • Understanding of DNS..."
https://kr.indeed.com/jobs?q=python&limit=50&vjk=db86535452560e20,[EY컨설팅] 금융컨설팅본부 리스크관리 경력 컨설턴트 모집,서울 영등포구,"국내외 금융기관 리스크관리 컨설팅 또는 여신업무 프로세스 개선(PI) 컨설팅 경험 - SAS, SQL, Python, R 등을 활용한 데이터분석 역량 보유자 우대 - 관련 자격증 소지자 (FRM 등) 우대 - 외국어..."
https://kr.indeed.com/jobs?q=python&limit=50&vjk=39427ec4c6e2abfc,웹 개발자 / 백앤드 개발자 경력직,서울 마포구,구축해본 경력우대사항 인터넷·IT·통신·모바일·게임>빅데이터·AI(인공지능)>인공지능(AI)|인터넷·IT·통신·모바일·게임>빅데이터·AI(인공지능)> Python|인터넷·IT·통신·모바일·게임>빅데이터·AI(인공지능)>딥러닝
https://kr.indeed.com/jobs?q=python&limit=50&vjk=2f218efc7f8e3e59,[대기업] 데이터 엔지니어 (BI 개발) 과차장급,서울,"또는 기타 Public Cloud 환경에서의 데이터 운영, 개발 경험( Python) -근무지 : 서울연 봉 : 협의 (현 연봉 + @)-* 담당자... 인터넷·IT·통신·모바일·게임>빅데이터·AI(인공지능)> Python"
https://kr.indeed.com/jobs?q=python&limit=50&vjk=669120083179019e,Senior Data Analyst - Korea,서울 강남구,probabilities Comfortable with SQL and Excel; experience with R/ Python is a plus. Experience working with data visualization...
https://kr.indeed.com/jobs?q=python&limit=50&vjk=ceb8243bc8ae3c35,[데이터 플랫폼]서비스 데이터 엔지니어(전문연구요원 가능),서울,대용량 데이터 처리를 위한 인프라 스트럭처 개발 사내 데이터 분석 도구 개발 및 유지보수 이런 분을 찾습니다 Python 기반의 데이터 처리 경험이 있으신 분 Docker 환경에서 개발 경험이 있으신 분 AWS 클라우드 기반...
https://kr.indeed.com/jobs?q=python&limit=50&vjk=de766edcc2cea201,로보틱스 소프트웨어 엔지니어 경력 정규직,서울 강남구,"이션 개발 경력자 • 프로그래밍 언어 활용 능력(C/C++, Java, Python 등) • 데이터 구조 및 네트워크, 통신에 대한 전문적인 이해 및... 능력(C/C++, Java, Python 등)• 데이터 구조 및 네트워크..."
https://kr.indeed.com/jobs?q=python&limit=50&vjk=666116a1d19e7cac,Cloud Support Engineer - Deployment,서울,"One or more scripting language (e.g. Bash, PowerShell, Ruby, Python, ebextensions) · Networking protocols... HTTP, DNS..."
https://kr.indeed.com/jobs?q=python&limit=50&vjk=88081c9ac030e577,데이터 엔지니어,서울 서초구,높고 확장 가능한 데이터 아키텍처를 설계해요 이런 분을 찾고 있어요 Python / Java / Scala / Kotlin / Go 등 최소한 하나... 통신·모바일·게임>응용프로그래머> Python|인터넷·IT·통신·모바일·게임...
https://kr.indeed.com/jobs?q=python&limit=50&vjk=9f0ce22eee4259bb,"교육 기획/운영, 시스템 기획",서울 성동구,"Science, Data Science, AI, Algorithm, Python 등... 데이터 분석, 인공지능, 프로그래밍 언어) 교육에 관심... AI, Algorithm, Python 등)• IT(데이터 분석, 인공지능..."
https://kr.indeed.com/jobs?q=python&limit=50&vjk=774afc35e3ec6e5a,[AI/Lab] Recommendation System 리서치 엔지니어 (전문연구요원 가능),서울,있으신 분 논문을 빠르고 정확하게 이해하고 구현할 수 있으신 분 최신 추천 기술 동향을 파악하고 계신 분 Python 사용 능력이 능숙하신 분 ※ 참고사항 : 해당 직군은 상세 경력기술서 제출이 필수입니다. 이런 분은...
https://kr.indeed.com/jobs?q=python&limit=50&vjk=22da7cf33beb4d1a,Cloud개발('22.1월),서울,"빅 데이터 시스템(Hive, Map/Reduce, Hadoop, Spark, Gurobi 등) 경험 - Python, Pytorch 등 딥러닝 프레임워크 이해 및 개발 경험 우대사항 - IoT 기반 데이터 분석/인사이트..."
https://kr.indeed.com/jobs?q=python&limit=50&vjk=a52f89dacec5f2c5,백엔드 경력 정규직,서울 성동구,대학교(4년)졸업 - 공학계열[다루는 프로그래밍 언어]• Python Django 또는 JAVA Spring 인터넷·IT·통신·모바일·게임>웹프로그래머> Python|인터넷·IT·통신·모바일·게임>웹프로그래머>JAVA|인터넷...
https://kr.indeed.com/jobs?q=python&limit=50&vjk=03c2ae7c168ceb62,"[신입,경력1년]웹개발자(경기도 분당구 구미동 근무)",성남 분당구,"웹시스템 개발 및 운영php, python,django , restful... 비희망 [병역특례] - 비희망 [기타 우대내용] django 기반 python 개발MySQL 사용 경험 인터넷·IT·통신·모바일·게임>웹프로그래머..."
https://kr.indeed.com/jobs?q=python&limit=50&vjk=ea87946886c8b0ad,Customer Solutions Engineer globalClient and AgencySolutions,서울 강남구,"general purpose programming language (e.g., Java, C/C++, Python).Ability to speak and write in English and Korean fluently..."
https://kr.indeed.com/jobs?q=python&limit=50&vjk=e44a6678f361ff46,Machine Learning Consultant (A.I. Marketing Technology),서울,online A/B testing problem. Fluency with scripting ( Python/etc). Enthusiasm to frame and solve real-world problems...
https://kr.indeed.com/jobs?q=python&limit=50&vjk=51d1df9a3cfbe418,(주)엘솔루 R&D본부 ASR팀 개발직,서울,"제공 [필수사항] ㆍ프로그래밍에 재능 및 열정이 있는 자 ㆍJava, Python 중 하나 이상의 언어사용자 ㆍWeb 개발능력 ㆍ리눅스 사용 경험자... 머신러닝(ML)|인터넷·IT·통신·모바일·게임>응용프로그래머> Python"
https://kr.indeed.com/jobs?q=python&limit=50&vjk=699290df1b545c5d,아비커스 경력 및 신입사원,서울,"경험 - 프로그래밍 (C/C , Python 등) 기술 - CUDA 프로그... 율주행, 드론 및 로보틱스 관련 개발 경험 - 프로그래밍 (C/C , Python 등) 기술 주요업무 - 자율운항기술 개발을 위한 제어 알고리즘/시뮬..."
https://kr.indeed.com/jobs?q=python&limit=50&vjk=0e25160b5a1d095f,[유통 대기업] Business Analyst(비지니스분석가) 과차장급,서울,"이터 컨설팅 또는 비즈니스 컨설팅 경력 5년 이상 보유 -SQL, R, Python 중 1개 이상의 분석 도구 활용 경험 보유 -비지니스에 대한 문제... 게임>빅데이터·AI(인공지능)> Python|인터넷·IT·통신·모바일·게임..."
https://kr.indeed.com/jobs?q=python&limit=50&vjk=bf4c86903450dee0,소프트웨어 개발자 (WebRTC UC & Collaboration Frontend & Backend Deve...,서울,"Node.js, React.js, React-native, Python Preferred domain experience: Public Cloud... js, React-native, Python 선호 기술 분야: 퍼블릭 클라..."
https://kr.indeed.com/jobs?q=python&limit=50&vjk=56523d2ce6f8d860,NHN Cloud 인프라 서비스 개발,성남 판교역,우대사항 - NHN Cloud에서 제공하는 다양한 인프라 서비스 개발 - C/C++ 또는 Java/ Python 개발 경력 5년 이상 - Linux 환경 개발자 - Openstack 개발 경험 - Container...
https://kr.indeed.com/jobs?q=python&limit=50&vjk=ab53bfb4fc3d91c4,Solutions Engineer,서울,"Develop customer facing applications, including Python, Embedded systems (I/O), Sql based and Web based applications..."
https://kr.indeed.com/jobs?q=python&limit=50&vjk=35f0a25dee5f3312,딥러닝 알고리즘 및 응용 Engineer,성남 분당구,모바일·게임>빅데이터·AI(인공지능)>인공지능(AI)|인터넷·IT·통신·모바일·게임>빅데이터·AI(인공지능)> Python|인터넷·IT·통신·모바일·게임>빅데이터·AI(인공지능)>머신러닝|인터넷·IT·통신·모바일·게임>빅데이터...
https://kr.indeed.com/jobs?q=python&limit=50&vjk=340fa2d2204cf879,"Cloud AI Engineer, Professional Services",서울,"Experience writing software in one or more languages... Python, Scala, R... similar. Experience building machine..."
https://kr.indeed.com/jobs?q=python&limit=50&vjk=155996bae21250a5,"[Robotics] Robotics Software Engineer, Sensor System",서울,"기술 분야의 학사 이상 학위 ㅇ 로봇 센서 시스템 디자인 혹은 센서 처리 모듈 개발 및 최적화 경험 ㅇ Python/C++ 활용 능숙 ㅇ ROS/ROS2를 활용한 개발 경험 ㅇ Ultrasonic, 2D/3D camera..."
https://kr.indeed.com/jobs?q=python&limit=50&vjk=aad13961b12efb3d,[2022 전문연구요원] Programming - 서비스 플랫폼 개발,성남 판교역,"ECMAScript에 대한 이해도가 있으신 분 - C++, Java, Go, C#, .NET 프레임워크, Python 기반 프로그래밍을 능숙하게 할 수 있는 분 - iOS, Android 모바일 어플리케이션 프로그래밍을 할..."
https://kr.indeed.com/jobs?q=python&limit=50&vjk=87985ee884920551,Business Analyst,서울,"engineering related research. • Broad working knowledge of Python, Excel (inc. automation skills), Relational DBs, SQL..."
https://kr.indeed.com/jobs?q=python&limit=50&vjk=21ba056946e5abdf,"Solutions Architect - AMAZON Web Services, Korea",서울,"languages... Ruby, Python and Node... 현대 개발 언어에 대한 실무적 지식: 루비 (Ruby), 파이썬 ( Python), Node.js 등 · 개발자 및 IT 운영자 대상의 신기술 전파에..."
https://kr.indeed.com/jobs?q=python&limit=50&vjk=c80b67aa02a7b226,인공지능연구소 우수인력 초빙 - 연구원 및 연구관리직 -,광주 북구,"기술 컴퓨터사이언스, 머신러닝, 컴파일러, 자연언어 처리, 네트워킹, 지능형 센서 관련 지식 Python/Java/C++/Web/App/API 프로그래밍, 딥러닝, 자연어처리, TCP/IP 등에 대한 지식 필요기술..."
https://kr.indeed.com/jobs?q=python&limit=50&vjk=b6eea437d4af95fd,[더블유게임즈 자회사] 기획/디자인/개발/데이터분석,서울 강남구,터넷·IT·통신·모바일·게임>응용프로그래머>JAVA|인터넷·IT·통신·모바일·게임>응용프로그래머>C#|인터넷·IT·통신·모바일·게임>응용프로그래머>Objective-C|인터넷·IT·통신·모바일·게임>응용프로그래머> Python
https://kr.indeed.com/jobs?q=python&limit=50&vjk=4a49e902c54a6b51,소프트웨어 개발자 (WebRTC UC & Collaboration),서울 금천구,웹프로그래머>Servlet|인터넷·IT·통신·모바일·게임>웹프로그래머> Python|인터넷·IT·통신·모바일·게임>웹프로그래머>ASP|인터넷·IT·통신... 통신·모바일·게임>응용프로그래머> Python|인터넷·IT·통신·모바일·게임...
https://kr.indeed.com/jobs?q=python&limit=50&vjk=55e2f1523d6bd078,TOAST CAM AI 개발 담당자,성남 판교역,"학사 또는 석사 학위 또는 그에 준하는 실무 경험자 (신입 지원 가능) - 임베디드 환경 개발 경험자 - Python, C++ 개발 경험자 - 임베디드 환경 개발 경험자 - Deep Learning, Computer..."
https://kr.indeed.com/jobs?q=python&limit=50&vjk=844a7d20e4e15362,Associate Integration Engineer,서울,shell scripting or programming languages... Perl/ Python/VBScript/Java/JavaScript/C++/C Fluent English Team spirit...
https://kr.indeed.com/jobs?q=python&limit=50&vjk=df228c302c3c8f9b,서버개발자(벡앤드) 정규직,서울 강남구,시스템 개발 [자격요건]• 경력사항: 경력(3년 이상 7년 이하)• 학력사항: 학력무관• 중상급 이상의 Python 또는 JavaScript 언어 활용 가능자• Django 또는 Node.js rest framework에...
https://kr.indeed.com/jobs?q=python&limit=50&vjk=eb9646ccf204350b,[ 부산 IT 취업 교육 ] 한번에 끝내는 자바 스프링 개발자 A,부산 부산진구,통신·모바일·게임>웹프로그래머>백엔드|인터넷·IT·통신·모바일·게임>응용프로그래머>Android|인터넷·IT·통신·모바일·게임>빅데이터·AI(인공지능)> Python|인터넷·IT·통신·모바일·게임>빅데이터·AI(인공지능)>R
https://kr.indeed.com/jobs?q=python&limit=50&vjk=649ccf047c868778,"금융 데이터 분석 엔진, 로보어드바이저 개발자",서울 영등포구,"시스템, 머신러닝, 자연어처리. 패턴분석 - 다음 언어에서 최소 한 가지 이상 능숙자: Java, C++, Python, JavaScript 우대사항 - 석사이상 컴퓨터공학 (Computer Science) 분야 또는..."
https://kr.indeed.com/jobs?q=python&limit=50&vjk=ec28b4a12fadf567,BigData 개발 및 운영 담당 영입,성남 분당구,빅데이터·AI(인공지능)>빅데이터|인터넷·IT·통신·모바일·게임>빅데이터·AI(인공지능)> Python|인터넷·IT·통신·모바일·게임>ERP·시스템분석·설계>빅데이터|인터넷·IT·통신·모바일·게임>응용프로그래머> Python
https://kr.indeed.com/jobs?q=python&limit=50&vjk=ba6a0ebb6ad9cd18,IT 인프라 운영 도구 개발,성남 판교역,"모니터링 시스템 Web 개발 - 경력 4년 이상 - Linux 환경(LAMP) 경력 3년 이상 - Python, Django, Javascript, PHP 경험 - 다양한 Front-end 프레임 워크 사용 경험..."
https://kr.indeed.com/jobs?q=python&limit=50&vjk=ac9068957c550cb3,데이터 전문가(모델러/분석가/엔지니어) 모집,성남 판교역,대용량 데이터를 효율적으로 사용하기 위한 기반 데이터 가공 지원자격 데이터 사이언스를 위한 언어(R/ Python/Scala) 및 도구(scikit-learn/Spark MLlib/Tensorflow/Pytorch 등)를...
https://kr.indeed.com/jobs?q=python&limit=50&vjk=4adac8923476d038,프랭클린템플턴투신운용 Junior Trader (Quant base 필수),대한민국,"object-oriented programming and intermediate programming proficiency in Python, R or MATLAB, and SQL are essential. Licenses..."
https://kr.indeed.com/jobs?q=python&limit=50&vjk=ad07d6a330fb619a,NHN Cloud 운영 및 기술지원,성남 판교역,"Linux, Microsoft Solutions 등) - 2년 이상의 개발 경험 (Java, Python 등) - 기술 문서 작성 및 가이드 경험이 풍부한 자 - 대외 고객 기술 지원 경험 - Windows..."
https://kr.indeed.com/jobs?q=python&limit=50&vjk=842ba3860fb8aa0c,[금호타이어] 2021년 12월 수시,서울 종로구,통신·모바일·게임>응용프로그래머> Python|인터넷·IT·통신·모바일·게임... 게임>웹프로그래머>웹개발|인터넷·IT·통신·모바일·게임>웹프로그래머> Python|재무·회계·경리>재무·자금·IR>자금|재무·회계·경리>재무·자금·IR...
https://kr.indeed.com/jobs?q=python&limit=50&vjk=c35e0100a6fa97dd,각 부문별,서울 강남구,응용프로그래머>클라우드|인터넷·IT·통신·모바일·게임>응용프로그래머> Python|인터넷·IT·통신·모바일·게임>웹프로그래머>JAVA|인터넷·IT·통신... 게임>빅데이터·AI(인공지능)> Python|인터넷·IT·통신·모바일·게임...
https://kr.indeed.com/jobs?q=python&limit=50&vjk=d0bfed06b7f2edc8,2021년 4차 공개,서울 영등포구,통신·모바일·게임>빅데이터·AI(인공지능)>데이터분석|인터넷·IT·통신·모바일·게임>빅데이터·AI(인공지능)> Python|인터넷·IT·통신·모바일·게임>빅데이터·AI(인공지능)>머신러닝|인터넷·IT·통신·모바일·게임>빅데이터...
https://kr.indeed.com/jobs?q=python&limit=50&vjk=3a96682f2758e494,2022년 경력직 (제2022-2차),서울 금천구,관련학과 (자격) 학위취득이후 전력설비 및 제어 & 에너지효율화 부문 연구개발 경력 1년 이상 (자격) python 등 프로그래밍 및 소프트웨어 알고리즘개발 유경력자 전자·기계·기술·화학·연구개발>섬유·화학>화학|전자·기계...
https://kr.indeed.com/jobs?q=python&limit=50&vjk=bab0eaf4530c8380,2022년 1월 경력사원 (품질),청주 오창읍,"경력 - 프로그래밍 언어(R, Python, Visual Basic 등... 년 이상 - Embedded SW 개발 (C, C++) 실무 경력 - Python 활용 Big Data 분석 및 수치 해석 경험 우대사항 - BMS..."
https://kr.indeed.com/jobs?q=python&limit=50&vjk=da9b34d987d05d7e,경력사원 공개,대한민국,"이상, 경력 3년 이상 -전자/전기/컴퓨터 전공 우대 -C＋＋고급개발자(프로젝트 리드경험 보유) -기본적인 Python, 웹 앱 개발 경험자 -디자인패턴, 클린아키텍처에 숙련된 설계자 -Agile 방법론, SW 개발 조직..."
https://kr.indeed.com/jobs?q=python&limit=50&vjk=112db0c64f7899b8,[한국필립모리스] 각 부문,서울 영등포구,통신·모바일·게임>웹프로그래머> Python|인터넷·IT·통신·모바일·게임... 용프로그래머>자바스크립트|인터넷·IT·통신·모바일·게임>응용프로그래머> Python|인터넷·IT·통신·모바일·게임>시스템프로그래머>펌웨어·어셈블러|인터...
https://kr.indeed.com/jobs?q=python&limit=50&vjk=2c9ffcc9fd90342d,Looking for Developer with Python language for NFT Generator,서울•원격 근무,"Hello! We are STEA team, a startup creating NFT marketplace and NFT launchpad! One of our features will include a NFT..."
https://kr.indeed.com/jobs?q=python&limit=50&vjk=6fa6b82e8b261430,2022년 1월 경력사원 (설비기술),청주 오창읍,"개선을 위한 알고리즘 개발 필수사항 - 관련 업무 경력 10년 이상 - Data 분석 및 SW 설계 경력 ( Python, R, Spotfire, C++ 등) - 실시간 데어터 분석/처리/시각화 역량 우대사항 - 빅데이터 분석..."
https://kr.indeed.com/jobs?q=python&limit=50&vjk=45b22fa764b0dae9,"빅데이터, 인공지능(AI) 외 신입 인턴",서울 종로구,AI(인공지능)>인공지능(AI)|인터넷·IT·통신·모바일·게임>빅데이터·AI(인공지능)>데이터분석|인터넷·IT·통신·모바일·게임>빅데이터·AI(인공지능)> Python|인터넷·IT·통신·모바일·게임>빅데이터·AI(인공지능)>R
https://kr.indeed.com/jobs?q=python&limit=50&vjk=9bbfde6355ca2d7a,당근마켓 전 직군,서울 서초구,C·C++|인터넷·IT·통신·모바일·게임>응용프로그래머>JAVA|인터넷·IT·통신·모바일·게임>응용프로그래머> Python|인터넷·IT·통신·모바일·게임>응용프로그래머>자바스크립트|인터넷·IT·통신·모바일·게임>응용프로그래머...
https://kr.indeed.com/jobs?q=python&limit=50&vjk=5399a1e7606f553c,2022년 1월 경력사원 (MI/경영전략/서비스신사업/투자/DX),서울 영등포구,Big Data 분석 관련 업무 경력 10년 이상 보유 - AI / Data Science를 위한 언어(R/ Python) 활용 능력 보유 - 데이터 분석 업무 및 DX 과제 수행 경험 보유 . 통계 / 데이터마이닝 / 딥러닝...
https://kr.indeed.com/jobs?q=python&limit=50&vjk=e05251e6eecfa255,5G R&D 소프트웨어 개발자,서울,"Erlang, Java, Python Domain experience... 프로그래밍 언어: C, C++ (필수) / Erlang, Java, Python(우대) 기술 분야: 라디오 엑세스 네트워크, 5G NR, LTE..."
https://kr.indeed.com/jobs?q=python&limit=50&vjk=5ea9ea023c6ccc03,"S/W 엔지니어, 데이터분석 신입/경력 정규직, 인턴",성남 분당구,"케이션 제작 및 유지보수 업무- Python, Golang, QT 중 선택... 2. 시스템프로그래머- Python, Golang, QT 중 선택 가능3. 영상데이터 분석 및 모델링- python기반 영상데이터 분석 및 모델링..."
https://kr.indeed.com/jobs?q=python&limit=50&vjk=a2b34d4b943e564a,한국여성공학기술인협회 이공계 여성 R&D기반 예비창업 기초교육,서울 강남구,통신·모바일·게임>빅데이터·AI(인공지능)>데이터분석|인터넷·IT·통신·모바일·게임>빅데이터·AI(인공지능)> Python|인터넷·IT·통신·모바일·게임>빅데이터·AI(인공지능)>머신러닝|인터넷·IT·통신·모바일·게임>빅데이터...
https://kr.indeed.com/jobs?q=python&limit=50&vjk=df21e3bb5d773616,Python Programmer,서울 서초구,개발 – JAVA 프로그래밍(라이브러리 활용) – Spring 프레임 워크 개발 – Python API 프로그래밍 우대사항 – Python 개발 경험 – Open Source 라이브러리 개발경험 – Web 표준에 대한 경험...
https://kr.indeed.com/jobs?q=python&limit=50&vjk=1748baa27965fdbf,"MVP 개발 엔지니어(서버, 웹프론트) (정규직, 계약직, 프리랜서)",대전 중구,1년 이상의 서버 개발 경험 · 아래 옵션 중 하나의 기술 스택 사용 - JAVA기반의 Spring - Python 기반의 Django - Ruby 기반의 Rails 우대사항 · 팀단위로 프로젝트를 수주해본 적 있는...
https://kr.indeed.com/jobs?q=python&limit=50&vjk=04c31e4f5c277f31,"Software Engineer, Robotics",서울,"구하고 필요한 기능을 개발합니다. 차세대 로봇 플랫폼 개발에 필요한 선행 연구를 수행합니다. 자격 요건 Python 및 C++ 개발 경력 3년 이상 혹은 그에 준하는 실력을 갖추신 분 알고리즘, 자료구조, 운영체제에 대한..."
https://kr.indeed.com/jobs?q=python&limit=50&vjk=f2abe214044a2314,"딥러닝, 사업기획 신입/경력 정규직, 인턴",성남 수정구,모바일·게임>빅데이터·AI(인공지능)>인공지능(AI)|인터넷·IT·통신·모바일·게임>빅데이터·AI(인공지능)> Python|인터넷·IT·통신·모바일·게임>빅데이터·AI(인공지능)>머신러닝|인터넷·IT·통신·모바일·게임>빅데이터...
https://kr.indeed.com/jobs?q=python&limit=50&vjk=8cc372a6b78679b1,"인공지능(AI), Python(응용프로그램 개발자) 외 신입/경력 정규직",서울 성북구,"(주)쿠노소프트 인공지능(AI), Python 외 신입/경력 정규직 채용... 래머>인공지능(AI)|인터넷·IT·통신·모바일·게임>응용프로그래머> Python|인터넷·IT·통신·모바일·게임>응용프로그래머>Visual C++(MFC..."
https://kr.indeed.com/jobs?q=python&limit=50&vjk=016de9bb83a8032d,JR0186078 AI Research Engineer Intern,서울,"architectures, and optimization strategiesProgramming skills with Python/C++Experience working with one or more deep learning..."
https://kr.indeed.com/jobs?q=python&limit=50&vjk=7143ba7b6c69f7a4,"2022년 상반기 딥러닝, 사업기획 신입/경력 정규직, 인턴",성남 수정구,모바일·게임>빅데이터·AI(인공지능)>인공지능(AI)|인터넷·IT·통신·모바일·게임>빅데이터·AI(인공지능)> Python|인터넷·IT·통신·모바일·게임>빅데이터·AI(인공지능)>머신러닝|인터넷·IT·통신·모바일·게임>빅데이터...
https://kr.indeed.com/jobs?q=python&limit=50&vjk=7417ac528f0197f0,Software Developer & Verification,서울,"Programming Language and skillset: Java(preferred), C++, Python, CI Environment, Shell Script Native Korean and business..."
https://kr.indeed.com/jobs?q=python&limit=50&vjk=941687b6bbb14d81,웹 개발자 경력 Java/Php/Javascript/Python/Html/CSS 등 프로젝트 경력자,대전 서구,"(주)바이오브레인 웹 개발자 경력 채용 모집부문 및 자격요건 담당업무 자격요건 인원 [담당업무] ㆍ웹 기반 프로젝트 개발 및 운영 [근무부서 및 직급/직책] 직급/직책: 대리 [자격요건] ㆍJava, Php..."
https://kr.indeed.com/jobs?q=python&limit=50&vjk=ef62b0e22d2dd6a2,[kt ds]2021년 각 부문별 경력사원 수시,서울 서초구,"W), C/C++,.NET Core, DB(Oracle, MySQL, PostgreSQL, PL/SQL), Python 등 인터넷·IT·통신·모바일·게임>전산·IT기술지원>S/W 엔지니어|인터넷·IT·통신·모바일·게임>ERP..."
https://kr.indeed.com/jobs?q=python&limit=50&vjk=f4ec03cd95647453,AI Research Engineer Intern,서울,optimization strategies - Programming skills with Python/C++ - Experience working with one or more deep learning frameworks...
https://kr.indeed.com/jobs?q=python&limit=50&vjk=da9fa7139144081b,[클라우드플랫폼실] System Engineering팀 클라우드 엔지니어,서울 강남구,라우드|인터넷·IT·통신·모바일·게임>응용프로그래머>Linux|인터넷·IT·통신·모바일·게임>응용프로그래머> Python|인터넷·IT·통신·모바일·게임>통신·모바일>플랫폼(VM)|인터넷·IT·통신·모바일·게임>ERP·시스템분석...
https://kr.indeed.com/jobs?q=python&limit=50&vjk=57c927fa9bf5856f,AI(딥러닝) 개발 경력,서울 성동구,"프로그래밍을 하고 싶은 자(개발 경력 2년 이상)- 직급/직책 : 면접 후 결정- 개발환경 : linux, python, tensorflow, keras, raspberypi 등5. 우대사항- 전기/전자공학, 컴퓨터/시스템공..."
https://kr.indeed.com/jobs?q=python&limit=50&vjk=31085d2eafca1fb6,"KAIST 지속발전센터 연구원 모집 공고 [연수연구원, 위촉연구원] 서울캠퍼스(홍릉)",대전 유성구,"부여 ( 과목별 만점의 10% 또는 5%) - 에너지 / 환경 / 경제 관련 연구 , 프로그래밍 (R, Python, GAMS 등 ), 통계분석 경험자 우대 - 에너지 - 환경 통합평가모형을 활용한 연구 유경험자 우대 결격사..."
https://kr.indeed.com/jobs?q=python&limit=50&vjk=71c47ac87bb4087e,기술 인턴 인공지능 응용 연구/개발 인턴,서울 관악구,"6개월) (협의) *모집 절차: 서류 à인터뷰(오프라인) *지원 자격: 프로그래밍 언어 활용 능력: Python, C, C++ 중 1가지 이상 데이터구조, 알고리즘 과목 이수 머신러닝과 딥러닝의 기본 개념 이해 머신러닝..."
https://kr.indeed.com/jobs?q=python&limit=50&vjk=7bb4271b5ecdb9a4,동국대학교 데이터분석팀 연구원(계약직) 채용공고,서울 필동,"자 4) 남자의 경우 병역필 또는 면제자 5) 한글, MS OFFICE 등 기본 문서작업 가능자 6) Python, R 프로그래밍 언어 사용 가능자 우대 ※ 본교는 교육부의 2022~2024년 대학혁신지원사업비를 지원..."
https://kr.indeed.com/jobs?q=python&limit=50&vjk=c793a3ef3425f495,빅데이터 분석 기술인력 (정규직),서울 강남구,"담당업무]데이터 분석 분야 ( Python, R, SAS 기반의 DATA... BIG DATA 프로젝트 경험자, PL/PM 경력자 우대, R 또는 Python 활용가능한 경력자전공계열: 전산학, 컴퓨터공학, 수학, 응용소프트웨어..."
https://kr.indeed.com/jobs?q=python&limit=50&vjk=d7e5f9d0302e78e2,"[대기업] 딥러닝 (AI, 영상인식) 전문가 (석박사급)",서울,공지능)>딥러닝|인터넷·IT·통신·모바일·게임>빅데이터·AI(인공지능)> Python|인터넷·IT·통신·모바일·게임>빅데이터·AI(인공지능)>데이터분석... 통신·모바일·게임>응용프로그래머> Python|인터넷·IT·통신·모바일·게임...
https://kr.indeed.com/jobs?q=python&limit=50&vjk=3415a2ec10f41d98,[램플코딩학원] 온오프라인 코딩 강사,대전 서구,"우대사항]ㆍ전공계열: 공학계열(컴퓨터공학, 소프트웨어공학, 시스템공학)ㆍ자격증: 정보처리기사ㆍC언어, Python 가능자ㆍ아두이노 로봇 강의 가능자 우대ㆍ자격증반/대회반 교육 경력자 우대 00 명 근무조건 고용형태: 계약직..."
https://kr.indeed.com/jobs?q=python&limit=50&vjk=42d49f48c843544d,2022년 1월 경력사원 (제조지능화),청주 오창읍,"경험 - 빅데이터/AI 경험(R, Python, SAS 등 분석 Tool... 구축 및 거버넌스 수립 - 분석솔루션(Spotfire, SAS, R, Python) 전파 필수사항 - 관련 업무 경력 5년 이상 - 분석 시스템 구축..."
https://kr.indeed.com/jobs?q=python&limit=50&vjk=12f3c94eaa1f8b78,Chip & Circut 분야 연계형 인턴,서울 서초구,"자만 체크해주시기 바랍니다. 필요역량 - 소프트웨어 구조 설계 및 구현, 검증과 SW 코딩 역량 : C/C++/ Python/JAVA 프로그래밍 등 - 아날로그 회로 이해 및 반도체 설계 툴 사용, 음성/오디오 신호 처리 이해..."
https://kr.indeed.com/jobs?q=python&limit=50&vjk=733b814969bff5a7,Jr. Back-end Engineer (Python),서울 강남구,"이런 분을 찾아요 2년 이상의 Python을 활용한 백엔드 개발 업무를 수행한 경험이 있으신 분 Django, Django Rest Framework, Flask 등의 Python web framework를 사용하여..."
https://kr.indeed.com/jobs?q=python&limit=50&vjk=bd7907d1248e436d,[AI/LAB] 머신러닝 리서치 엔지니어 (전문연구요원 가능),서울,찾습니다 논문을 빠르고 정확하게 이해하고 구현할 수 있으신 분 최신 딥러닝 기술 동향을 파악하고 계신 분 Python 사용 능력이 능숙하신 분 ※ 참고사항 : 해당 직군은 상세 경력기술서 제출이 필수입니다. 이런 분은 더욱...
https://kr.indeed.com/jobs?q=python&limit=50&vjk=cae2de07045cfb2b,"Java, Python 영상툴 개발자",서울 마곡동,원하면 가능) 담당업무 - 영상 라벨링 Tool 개발 - Tool 정확성 개선 자격요건 - Java - Python 우대사항 - 관련 개발 경력 - 툴개발 경력 근무조건 - 월~금 AM9:30 ~ PM18:30 복지...
https://kr.indeed.com/jobs?q=python&limit=50&vjk=e5dfdd5145462c7c,[KSTEC] 통계/Analytics 신입 및 경력사원,성남 분당구,"지능화 (의사결정 자동화) 시스템 개발 (SPSS, SAS, R, Python, Java 기반)2. 기업용 데이터과학 & 인공지능 플랫폼 솔루션3... 게임>빅데이터·AI(인공지능)> Python|인터넷·IT·통신·모바일·게임..."
https://kr.indeed.com/jobs?q=python&limit=50&vjk=f33c19e6d88a3d40,"임베디드(Embedded), Linux 외 신입/경력 정규직, 계약직, 인턴",대전 유성구,모바일·게임>시스템프로그래머>임베디드(Embedded)|인터넷·IT·통신·모바일·게임>응용프로그래머>Linux|인터넷·IT·통신·모바일·게임>응용프로그래머>C·C++|인터넷·IT·통신·모바일·게임>응용프로그래머> Python
https://kr.indeed.com/jobs?q=python&limit=50&vjk=22ffe020e40de675,[포티투마루] 인공지능(AI) 개발자 전 부문,서울 서초구,인터넷·IT·통신·모바일·게임>빅데이터·AI(인공지능)> Python|인터넷·IT·통신·모바일·게임>빅데이터·AI(인공지능)>머신러닝|인터넷·IT·통신·모바일·게임>빅데이터·AI(인공지능)>딥러닝|인터넷·IT·통신·모바일·게임...
https://kr.indeed.com/jobs?q=python&limit=50&vjk=b6f149c5d6b60323,"Analyst - Environmental, Social and Governance (12 months co...",서울,"ESG) Experience and training in data analytics tools like Python, Alteryx, Tableau, Excel or other analytical platforms..."
https://kr.indeed.com/jobs?q=python&limit=50&vjk=74d2ffe8cef947c9,병역특례 전문연구요원(신규편입 및 전직),서울 강남구,Android|인터넷·IT·통신·모바일·게임>응용프로그래머>iOS|인터넷·IT·통신·모바일·게임>응용프로그래머> Python|인터넷·IT·통신·모바일·게임>데이터베이스·DBA>MySQL|인터넷·IT·통신·모바일·게임>데이터베이...
https://kr.indeed.com/jobs?q=python&limit=50&vjk=f8691758f74c5242,Support Engineer- Developer,서울,"developing with Chatbot, Linux, Apache, Java, Node, Python, PHP, or Ruby - Knowledge and experiences of cloud services (Azure..."
https://kr.indeed.com/jobs?q=python&limit=50&vjk=872035f47cfd4850,자산운용팀 전략/리스크팀 퀀트(겨울방학 인턴),대한민국,공자의 경우 관련 과목 12학점 이상 이수 - Microsoft 엑셀 능숙자 선택 사항 (평가 가산점) - Python 또는 VBA 등 코딩 Skill 보유 - 관련 업종에서 2개월 이상 인턴쉽 또는 근무 경력 보유 - 관련...
https://kr.indeed.com/jobs?q=python&limit=50&vjk=68d62221f2d26c0e,(주)웨이브웨어 2021 년도 신입사원 (프로그래머),대전 유성구,"유경험자 - keras/theano/tensorflow 유경험자 - python, java 유경험자 - lwjgl/jogl 을 이용한 OpenGL... tensorflow 유경험자 - python, java 유경험자..."
https://kr.indeed.com/jobs?q=python&limit=50&vjk=62dd9658c5554aff,KAIST 문술미래전략대학(김형준 교수 연구실) 위촉연구원 채용 공고,대전 유성구,수도 있음 . 2 모집분야 직무내용 모집분야 주요업무 전산 및 응용수학 - 통합 데이터 분석 프레임워크 개발 ( Python 혹은 Julia 이용 ) - 기후 데이터 가시화 프레임워크 개발 (Front-end 혹은 Full...
https://kr.indeed.com/jobs?q=python&limit=50&vjk=b01ea7a6f3b38982,[NAVER Z] 데이터 엔지니어,성남 분당구,"경력 3년 이상- Scala/Java/ Python, Spark, Kafka... 통신·모바일·게임>응용프로그래머> Python|인터넷·IT·통신·모바일·게임>빅데이터·AI(인공지능)> Python|인터넷·IT·통신·모바일·게임>빅데이..."
https://kr.indeed.com/jobs?q=python&limit=50&vjk=b3ba8c24ccc0e74e,[TmaxOS/R&D] OS부문 개발자(2022년 상반기 신입 공채(Frontier 8기) 및 경력직 ),성남 분당구,C++|인터넷·IT·통신·모바일·게임>응용프로그래머>JAVA|인터넷·IT·통신·모바일·게임>응용프로그래머> Python|인터넷·IT·통신·모바일·게임>응용프로그래머>자바스크립트|인터넷·IT·통신·모바일·게임>웹프로그래머>백엔드...
https://kr.indeed.com/jobs?q=python&limit=50&vjk=44f16e94e3e6b589,"Staff Software Engineer, Maps & Navigation, Seoul, Korea",서울,"industry Fluency in English Proficient in one of C++, Python Experience writing and shipping customer-facing code High..."
https://kr.indeed.com/jobs?q=python&limit=50&vjk=309dbeab00e5c986,(주)테크로스 2022년도 신입/경력 (부산/화성),부산 강서구,그래머> Python|인터넷·IT·통신·모바일·게임>응용프로그래머> Python|인터넷·IT·통신·모바일·게임>응용프로그래머>Visual C++(MFC·ATL)|인터넷·IT·통신·모바일·게임>빅데이터·AI(인공지능)> Python...
https://kr.indeed.com/jobs?q=python&limit=50&vjk=891485cc2a8e6779,인공지능 솔루션 (AI Solution) 개발,서울 서초구,Detection 등) 개발 경험• Python Library 사용 경험... 그래머>머신러닝(ML)|인터넷·IT·통신·모바일·게임>응용프로그래머> Python|인터넷·IT·통신·모바일·게임>빅데이터·AI(인공지능)>인공지능(AI...
https://kr.indeed.com/jobs?q=python&limit=50&vjk=6a056c1771ae56b8,Data Engineer & Scientist,서울 영등포구,"리즘에 대한 깊은 이해 - Data integrity, data governance 에 대한 이해 - Python Data & Analytics 라이브러리 경험 (NLTK, Spacy, Scikit-Learn, PyTorch..."
https://kr.indeed.com/jobs?q=python&limit=50&vjk=413d20e82e567aff,모바일 게임 백엔드 프로그래머 신입/경력 정규직,서울 서초구,"영어 독해 가능자 우대합니다. Python, Jave, Ruby, Go... 기술: 서버·네트워크개발, 백엔드개발기타: 영어 독해 가능자 우대합니다. Python, Jave, Ruby, Go, Node.Js , C# 중 한 가지..."
https://kr.indeed.com/jobs?q=python&limit=50&vjk=79fb95da6dff4025,하반기 신입(채용 연계형 인턴) 수시채용,서울 마곡동,"Python, R, 기타 코딩 능력 보유자 또는 통계 분석에 대한 기초 지식 보유자 중 1개 해당자 우대사항 · 통계 분석에 대한 기초 지식 보유자 · 기초 프로그래밍 코딩 구현 능력 보유자 ( Python or R..."
https://kr.indeed.com/jobs?q=python&limit=50&vjk=f42242989b39b5e1,자동차 전장 ADAS SW 분야 전문가,서울 강서구,multi-view geometry - 중급 이상 C/C++/ Python 개발 및 computer vision관련 tool 활용 가능... 트롤 - 중급 이상 C/C++/ Python/MATLAB 및 computer...
https://kr.indeed.com/jobs?q=python&limit=50&vjk=0aa851392317eb07,AI SW 개발 경력사원 채용,서울,"및 개선 할 수 있는 역량 보유자 프로그래밍에 대한 실무역량 보유자(TensorFlow,PyTorch, Python,C++등) [우대요건] Vision 또는 NLP 기술을 활용하여 프로젝트 및 솔루션 개발 경험자 0명..."
https://kr.indeed.com/jobs?q=python&limit=50&vjk=f54bac6c78fd3240,코딩에 빠진 수퍼 개발자 (펌웨어 개발),성남 수정구,"학력무관직무기술: 펌웨어(Firmware), Embedded System S/W 개발(판교) c/c++, Python 3 명 근무조건 고용형태: 정규직근무부서: 개발팀급여조건: 연봉 협의 후 결정 전형단계 및 제출서류 전형단..."
https://kr.indeed.com/jobs?q=python&limit=50&vjk=dbe3257e487e5814,[AI/Lab] AI 백엔드 엔지니어 (전문연구요원 가능),서울,"플랫폼 및 시스템 구축 이런 분을 찾습니다 주도적으로 문제를 찾고, 해결할 수 있는 능력을 보유하신 분 Python 사용 경험이 있으신 분 다음 항목 중 두 가지 이상에 해당되는 분 AWS 혹은 GCP와 같은 클라우드 플랫폼..."
https://kr.indeed.com/jobs?q=python&limit=50&vjk=112566541738ad42,Software Developer 3,대한민국,"Experience task automation in scripting languages like shell, Python, JavaScript, TypeScript Boat load of passion & energy..."
https://kr.indeed.com/jobs?q=python&limit=50&vjk=87309d3ff40ead61,딥러닝 AI 개발 연구원,성남 수정구,시스템프로그래머>임베디드(Embedded)|인터넷·IT·통신·모바일·게임>응용프로그래머>C·C++|인터넷·IT·통신·모바일·게임>응용프로그래머>Linux|인터넷·IT·통신·모바일·게임>빅데이터·AI(인공지능)> Python
https://kr.indeed.com/jobs?q=python&limit=50&vjk=a89f5e3486cccd04,[TmaxAI/R&D] NLP(자연어음성)부문 서비스 프론트 & 백엔드 개발자(2022년 상반기 신입 공채(...,성남 분당구,"개발 경험이 있으신 분 [음성, 자연어처리] - 관련 분야의 연구 경험 / 기본 지식 보유자 - 기본적인 Python 프로그래밍이 가능하신 분 우대사항 [프론트] - UX 기획 및 개발 유경험자 - react 개발 유경험자..."
https://kr.indeed.com/jobs?q=python&limit=50&vjk=e34c06d01e1f387e,[NAVER Cloud] 리눅스 배포판 개발,성남 분당구,"[역할]리눅스 OS 배포판 제작 업무- 리눅스 배포판 관련 소스 분석- C , Python 등을 이용하여 소스 분석 및 수정- 빌드 시스템 및 버그질라 시스템... 통신·모바일·게임>응용프로그래머> Python|인터넷·IT·통신·모바일·게임..."
https://kr.indeed.com/jobs?q=python&limit=50&vjk=ab58a5f77dd9c9c8,[NAVER Cloud] 빅데이터 분석 플랫폼 개발,성남 분당구,빅데이터|인터넷·IT·통신·모바일·게임>빅데이터·AI(인공지능)> Python|인터넷·IT·통신·모바일·게임>ERP·시스템분석·설계>빅데이터|인터넷... 로그래머>JAVA|인터넷·IT·통신·모바일·게임>응용프로그래머> Python
https://kr.indeed.com/jobs?q=python&limit=50&vjk=0b8954820c552c3b,Korea - Lead Data Analyst,서울,"SQL •Basic experience with scripting languages... Shell, Python and source code control tools... GitHub •Experience..."
https://kr.indeed.com/jobs?q=python&limit=50&vjk=c35e9b72a11aa338,[신입/경력] 의료영상/음성인식/생체신호 연구원,서울 서초구,게임>빅데이터·AI(인공지능)>인공지능(AI)|인터넷·IT·통신·모바일·게임>빅데이터·AI(인공지능)>딥러닝|인터넷·IT·통신·모바일·게임>응용프로그래머>C·C++|인터넷·IT·통신·모바일·게임>응용프로그래머> Python
https://kr.indeed.com/jobs?q=python&limit=50&vjk=3f1dd5ba441be16c,[TmaxEdu/R&D] 연구 개발자(2022년 상반기 신입 공채(Frontier 8기) 및 경력직),성남 분당구,"CSS, JavaScript, TypeScript [Server 개발(사용 언어)] - Java, Python, SQL [Framework(사용 언어)] - React.js, Spring [지원 시 참고 사항] - 기술..."
https://kr.indeed.com/jobs?q=python&limit=50&vjk=b14fdb9121c0a3f4,2021년 이공계 전문여성 아카데미 인턴십() 참여기업,서울 강남구,통신·모바일·게임>빅데이터·AI(인공지능)>데이터분석|인터넷·IT·통신·모바일·게임>빅데이터·AI(인공지능)> Python|인터넷·IT·통신·모바일·게임>빅데이터·AI(인공지능)>머신러닝|인터넷·IT·통신·모바일·게임>빅데이터...
https://kr.indeed.com/jobs?q=python&limit=50&vjk=51df90967b46e8f0,[외국계 스타트업 미소] Business Analyst,서울,통신·모바일·게임>빅데이터·AI(인공지능)>데이터분석|인터넷·IT·통신·모바일·게임>빅데이터·AI(인공지능)> Python|인터넷·IT·통신·모바일·게임>데이터베이스·DBA>MySQL|인터넷·IT·통신·모바일·게임>데이터베이스...
https://kr.indeed.com/jobs?q=python&limit=50&vjk=aee1c996cddcbb2e,AI Research Engineer,서울,"PyTorch, and Caffe Strong programming skills with C/C++ and Python Experiences in programming and testing on Linux..."
https://kr.indeed.com/jobs?q=python&limit=50&vjk=53fbfe54f327d9dc,AI Software Engineer,경기도 성남,"TensorFlow 5+ years of programming experience in Python, C/C++ and MATLAB Experience working with other developers using Git..."
https://kr.indeed.com/jobs?q=python&limit=50&vjk=d8fe5fcf75b65e79,"[충청권/60명]AI(인공지능) 중급과정,고급과정 국비무료 교육생 대",청주 상당구,통신·모바일·게임>빅데이터·AI(인공지능)>데이터분석|인터넷·IT·통신·모바일·게임>빅데이터·AI(인공지능)> Python|인터넷·IT·통신·모바일·게임>빅데이터·AI(인공지능)>머신러닝|인터넷·IT·통신·모바일·게임>빅데이터...
https://kr.indeed.com/jobs?q=python&limit=50&vjk=3544467a7b64376f,[전문연구요원] 의료영상 리서치 엔지니어 정규직,서울 마포구,"학력무관직무기술: VISUALC++, 응용프로그래밍, C·C++, Python, AI개발 2 명 근무조건 고용형태: 정규직(수습기간3개월)근무부서... 머신러닝(ML)|인터넷·IT·통신·모바일·게임>응용프로그래머> Python"
https://kr.indeed.com/jobs?q=python&limit=50&vjk=0531cea7fd91199b,AWS Internship Program - Solutions Architect (January to Jun...,서울,"one... following programming languages: Java, Python, Ruby, Node.js, C#, or C++ · Experience with two or more..."
https://kr.indeed.com/jobs?q=python&limit=50&vjk=de52dca6c3f6a3ac,백엔드 신입/경력 정규직,서울 강남구,"경력사항: 신입, 경력(1년 이상 5년 이하)• 학력사항: 학력무관• 직무기술: MySQL, AWS, Python, PHP, SW, Node.js, github• Database 설계, 구축 경험이 있으신 분• Rest..."
https://kr.indeed.com/jobs?q=python&limit=50&vjk=e7c8c2b11f24fb43,Software Engineer,서울,"languages, including... limited to: C++, Java, C and Python. Excellent written and verbal communication skills. About..."
https://kr.indeed.com/jobs?q=python&limit=50&vjk=ea23e376c32ece8b,Data Scientist (KOREA),충청북도 청주,"data visualization Experience using tools... SAS JMP, Python, Matlab, KNIME, and SIMCA Experience with developing..."
https://kr.indeed.com/jobs?q=python&limit=50&vjk=e91b5984e7f5d3fd,"데이터베이스개발자, 웹개발 신입/경력 정규직",서울 영등포구,"개발자 ㆍCss/html 등 웹디자인 관련 유경험자 ㆍ자바스크립트, Python, C++, 닷넷 등 ㆍNode, Selenium, electron... 관련 유경험자ㆍ자바스크립트, Python, C++, 닷넷 등 ㆍNode..."
https://kr.indeed.com/jobs?q=python&limit=50&vjk=f955daa479297f09,인공지능(AI) 개발자 신입/경력 정규직,서울 강남구,"Detection, Classification, Recognition 등 영상 분석 알고리즘 개발 경험• Python 또는 C++ 경험• 정부과제 연구개발 경험[우대사항]• 채용시 동종업계 최고 대우 • 최적화, 경량화 등..."
https://kr.indeed.com/jobs?q=python&limit=50&vjk=78526735d90a85b9,"Machine Learning - iOS Software Engineer,",서울,"computer vision Python libraries... programming skills with proficiency in Python, Flask, iOS Dev tools, and GitHub..."
https://kr.indeed.com/jobs?q=python&limit=50&vjk=abcbb3282b50f027,Korea - Enterprise Data & Analytics Engineering Manager,서울,"engineers with Python, Spark and SQL... Apache NiFi) •Demonstrated competence in Python, Spark... SQL •Proven expertise..."
https://kr.indeed.com/jobs?q=python&limit=50&vjk=2d40cd148372df4d,Technical Support Engineer-Security,서울,"Linux script-based development environments and tools (PERL, Python, Ruby, PhP, etc.) o Programming language (C++/C#) Please..."
https://kr.indeed.com/jobs?q=python&limit=50&vjk=74ef43a1bda57e7d,Data Analyst - Korea,서울 강남구,probabilities Comfortable with SQL and Excel; experience with R/ Python is a plus. Experience working with data visualization...
https://kr.indeed.com/jobs?q=python&limit=50&vjk=14e834e10cf0292f,Developer - Cloud Infrastructure,서울,Your tasks will include developing a python based scalable job execution platform... development with Python Experience...
https://kr.indeed.com/jobs?q=python&limit=50&vjk=1bb3ad92965d09e9,Network Engineer (Linux/Python),경기도 화성,Company Overview KLA is a global leader in diversified electronics... semiconductor manufacturing ecosystem. Virtually...
https://kr.indeed.com/jobs?q=python&limit=50&vjk=397a412559c606fa,"Charging Operations Specialist, APAC Charging (English Speak...",서울,"Data science experience including coding/scripting skills ( Python/Ruby/JS/Perl... plus. Collaborative, team oriented..."
https://kr.indeed.com/jobs?q=python&limit=50&vjk=d83fc0dd2641f483,전문연구요원 (병역특례) 수시 (AI / SW 분야),성남 분당구,요구 능력] - ASM/C/C++/ Python 언어 코딩 기술 - 운영체제... 경험 - Windows/Linux 상에서 C++/ Python 언어 사용 개발 경험 - C++ / Python 언어 사용 개발 경험 - 객체지향 설계에...
https://kr.indeed.com/jobs?q=python&limit=50&vjk=19da3484bd7a72f1,Machine Learning R&D 연구원,서울 서초구,"가능) ㆍ최신 딥러닝, 기계학습 이론에 대한 이해 및 구현 역량 ㆍ Python, TnsorFlow, C/C++, TensorRT 등 프로그래밍 실무... 대한 이해 및 구현 역량 ㆍ Python, TnsorFlow, C/C++..."
https://kr.indeed.com/jobs?q=python&limit=50&vjk=14d562d10c215572,"PHP, Python 신입/경력 정규직",서울 금천구,"주식회사 비즈부스터 PHP, Python 개발자 채용 모집부문 및 자격요건 담당업무 자격요건 인원 [담당업무]*당사의 서비스(비즈탑) 솔루션 및 서비... 프로그래머>PHP |인터넷·IT·통신·모바일·게임>웹프로그래머> Python"
https://kr.indeed.com/jobs?q=python&limit=50&vjk=5845bda17d17b7cf,PDM사업 경력사원 채용,서울,"Net, Node.js, Python 중 한개 이상 개발 경험 [우대요건... 개발 알고리즘의 프로그래밍화 역량 Python, R 등 분석 툴을 사용한 분석 프로그램 개발 경험 ( Python 우대) 솔루션 또는 플랫폼 개발..."
https://kr.indeed.com/jobs?q=python&limit=50&vjk=dd1466e89a1e87b0,Cloud Solution Architect,서울,"etc. Shell Script, Python or Java Script... development languages... Java and Python Development and operation experience..."
https://kr.indeed.com/jobs?q=python&limit=50&vjk=f317eb960a3ce005,Product Engineer - MPC/MDP/MDM,경기도 성남,"experience... following: EDA with emphasis on semi OPC; C/C++, Python, TCL, MATLAB or any high-level programming language..."
https://kr.indeed.com/jobs?q=python&limit=50&vjk=5fc53d8ce25c05f7,IT 개발 총 책임자,서울 성동구,스템접수양식: 인크루트 이력서 기타 유의사항 입사지원서 및 제출서류에 허위사실이 있을 경우 채용이 취소될 수 있습니다. 인터넷·IT·통신·모바일·게임>웹프로그래머>웹개발|인터넷·IT·통신·모바일·게임>웹프로그래머> Python
https://kr.indeed.com/jobs?q=python&limit=50&vjk=21598fa78d383d6f,[Search팀] 백엔드 개발자,서울 강남구,바탕 인터넷·IT·통신·모바일·게임>웹프로그래머>백엔드|인터넷·IT·통신·모바일·게임>응용프로그래머>JAVA|인터넷·IT·통신·모바일·게임>응용프로그래머> Python|인터넷·IT·통신·모바일·게임>응용프로그래머>C·C++
https://kr.indeed.com/jobs?q=python&limit=50&vjk=94f5a1ceb5273e21,비학위과정 AI엔지니어링 교육생,대구 서구,인터넷·IT·통신·모바일·게임>빅데이터·AI(인공지능)> Python|인터넷·IT·통신·모바일·게임>빅데이터·AI(인공지능)>인공지능(AI)|인터넷·IT·통신·모바일·게임>빅데이터·AI(인공지능)>빅데이터|인터넷·IT·통신...
https://kr.indeed.com/jobs?q=python&limit=50&vjk=78e99625e5de3c95,전문연구요원 (병역특례) 수시 (AI / HW 분야),성남 분당구,"모델의 RTL IP 설계 및 IP 검증 가능자 - Language: Python/Perl, C/C++ [우대 조건] - ARM based SoC 설계... Linux, shell, tcl, python, perl 사용 원활..."
https://kr.indeed.com/jobs?q=python&limit=50&vjk=192c20f6f0f64ab3,[2022 전문연구요원] AI R&D - Language AI,성남 판교역,"기술을 서비스에 적용하기 위한 MLOps 플랫폼을 개발합니다. 지원자격 학력 : 석사 이상 필수조건 - Python, Java등 한 가지 이상의 컴퓨터 프로그래밍 언어를 활용할 수 있으신 분 - 머신러닝/딥러닝 기술에 대한..."
https://kr.indeed.com/jobs?q=python&limit=50&vjk=12f94257204952e1,모바일 운영서비스 빌드/배포/테스트 자동화 개발자,서울 마포구,"와 같은 컨테이너 기반 기술 이해 및 경험- 리눅스 환경에 대한 경험- 기본 스크립트 언어 경험 : Python / Bash / Perl 등- 지속적 통합 (Jenkins, Fastlane) 이해 및 경험- 소스형상관리..."
https://kr.indeed.com/jobs?q=python&limit=50&vjk=b2bd0762e5ba3bea,퀀트운용본부 운용역(경력직) (연장),대한민국,"펀드 유형 무관) - 금융관련 자격증(CFA 등) 보유자 우대 - 영어능통자 우대 - Excel VBA, Python 등 프로그래밍 가능자 우대 4. 근무조건 : 연봉 등 근무조건은 협의 후 결정 5. 채용절차 - 1차..."
https://kr.indeed.com/jobs?q=python&limit=50&vjk=9b63b5f993896a6b,Product Engineer - MPC/MDP/MDM,경기도 성남,"experience... following: EDA with emphasis on semi OPC; C/C++, Python, TCL, MATLAB or any high-level programming language..."
https://kr.indeed.com/jobs?q=python&limit=50&vjk=613e8260c0a33e9d,[NAVER Cloud] 빅데이터 분석 플랫폼 엔지니어,성남 분당구,게임>응용프로그래머>JAVA|인터넷·IT·통신·모바일·게임>응용프로그래머> Python|인터넷·IT·통신·모바일·게임>빅데이터·AI(인공지능)> Python|인터넷·IT·통신·모바일·게임>빅데이터·AI(인공지능)>빅데이터|인터넷...
https://kr.indeed.com/jobs?q=python&limit=50&vjk=a564ef713dce7f26,Sr. Network Engineer,서울,"certifications Programming experience... Go, C/C++, Python, or other languages desirable Implementation experience..."
https://kr.indeed.com/jobs?q=python&limit=50&vjk=ccd4f5407a32ba6a,Data Scientist,서울,"analysis a plus, Programming... scripting exp.: eg. Python, C#, VBA, Java, Perl, etc. Experience in applied analytics..."
https://kr.indeed.com/jobs?q=python&limit=50&vjk=ff27ef03ddc73690,Software Engineer,서울,experience of deep learning frameworks Programming with Python or Shell script Experience in large-scale software projects...
https://kr.indeed.com/jobs?q=python&limit=50&vjk=fc037709d0770796,System SW 엔지니어,성남 분당구,사항: 대학교(4년)졸업 이상 [기본 요구능력] - ASM/C/C++/ Python 언어 코딩 기술 - 운영체제 SW 설계 및 구현 - 알고리즘/네트워... 게임>빅데이터·AI(인공지능)> Python|인터넷·IT·통신·모바일·게임...
https://kr.indeed.com/jobs?q=python&limit=50&vjk=a3b3aefaa5b24791,[신사업] 백엔드 엔지니어 (전문연구요원 가능),서울,"5년 이상 있으신 분 컨테이너 기반 환경의 서비스 구축 경험이 있으신 분 Flask, FastAPI 등 Python 기반 웹어플리케이션 서버 개발 경험이 있으신 분 RDBMS 또는 Elasticsearch 를 활용한 시스템..."
https://kr.indeed.com/jobs?q=python&limit=50&vjk=30e17a7d8ce9d4d4,Software Engineer,서울,"writing optimal code... least one stack (Java, Go, Ruby, Python) Ability to work collaboratively and cross-functionally..."
https://kr.indeed.com/jobs?q=python&limit=50&vjk=2642a83874ea6bab,"영상처리, 컴퓨터 비전 전문가 (신입/경력)",성남 수정구,"인원 [담당업무] Python, C++, MFC, C를 이용하여 - OpenCV 로 Visual SLAM 개발- MFC, Python을 이용하여 GUI... 통신·모바일·게임>응용프로그래머> Python|인터넷·IT·통신·모바일·게임..."
https://kr.indeed.com/jobs?q=python&limit=50&vjk=b6d169aa029a45a6,[강남/스타트업] 에이스랩 자율주행 엔지니어,서울 강남구,"공학 등 관련학사혹은 상응하는 지식- 프로그래밍 능력 (C/C++, python, etc)자세한 업무 및 자격 요건은 자사 홈페이지에서 확인 00 명... 통신·모바일·게임>응용프로그래머> Python|인터넷·IT·통신·모바일·게임..."
https://kr.indeed.com/jobs?q=python&limit=50&vjk=e67716c26d372980,TeraVM Field Applications Engineer,서울,"Hands on experience in using Linux scripting languages ( Python, Perl, tshark, etc) Experience in working with Virtualisation..."
https://kr.indeed.com/jobs?q=python&limit=50&vjk=e37ba9dca2e4da16,[DI팀] 기계학습 Engineer (개인화 및 추천),서울 강남구,용프로그래머> Python|인터넷·IT·통신·모바일·게임>응용프로그래머>JAVA|인터넷·IT·통신·모바일·게임>응용프로그래머>머신러닝(ML)|인터넷·IT·통신·모바일·게임>빅데이터·AI(인공지능)> Python|인터넷·IT·통신...
https://kr.indeed.com/jobs?q=python&limit=50&vjk=a692f83229bd339f,Datacenter Engineer,서울,"Base Operating System Install • Some experience with Perl, Python, Bash or Java • Core OS Services: ssh, telnet, ftp, nfs..."
https://kr.indeed.com/jobs?q=python&limit=50&vjk=bbbfbb33164df0e3,"Junior Software Engineer, Server Platform",서울,"프라 위에 안정적이고 효율적인 서비스 설계 및 구축 핵심 자격요건 Python, Java, Kotlin, Go, C++ 등 서버 사이드 프로그래밍... Understanding of Python, Java, and Event..."
https://kr.indeed.com/jobs?q=python&limit=50&vjk=3b0b25d7cdb97839,TikTok Content Strategy Manager,서울,"skills in data analysis, being familiar with SQL, Python and other data processing tools is preferred. 3. Strong logical mind..."
https://kr.indeed.com/jobs?q=python&limit=50&vjk=8af26b37623864c4,8퍼센트 개발자 (신입/경력),서울 종로구,개발 금융 데이터 분석과 분석 플랫폼 운영 자격요건 컴퓨터 전공자 또는 웹 개발 경력 1년 이상 우대사항 Python 코드를 무리 없이 읽으실 수 있는 분 Linux/Mac 사용 가능한 분 새로운 기술에 대한 호기심을 가지신...
https://kr.indeed.com/jobs?q=python&limit=50&vjk=e30fe92d72ceb17c,"자율 주행, 로봇 SW 개발자",성남 수정구,"(주)에바 모집부문 및 자격요건 모집부문 담당업무 자격요건 인원 자율주행 SW 엔지니어 Python응용SW [담당업무]ROS 개발, 로봇 주행 알고리즘 개발, SW Optimization[근무부서 및 직급/직책]근무부서: 개발팀..."
https://kr.indeed.com/jobs?q=python&limit=50&vjk=2b9e604e63e7e46d,[카카오커머스] 기술직군,성남 분당구,"우대사항 - 전자금융 감독규정, PCIDSS에 대한 실무 경험이나 이해도가 높으신 분 - JAVA, Python, shell script 등 개발 역량을 갖추신 분 - 웹/앱 취약점 진단 및 모의해킹 역량을 갖추신..."
https://kr.indeed.com/jobs?q=python&limit=50&vjk=2f56d4b70c1df086,하반기 인턴직 모집,서울 을지로2가,"지니어 (IT 인프라 관리/운영) 서버, 네트워크 Bash, Java, Python ① 학력 : 초대졸 이상 (2020년 2월 이후 졸업/졸업예정... JavaScript, VC++, Python) 한솔 PNS IT 부문..."
https://kr.indeed.com/jobs?q=python&limit=50&vjk=d7e9da4d32399dfe,침해사고 분석/대응 및 보안장비 운영 담당자 모집,성남 판교역,"최신 인프라에 대한 이해 (Docker, K8s, Hadoop, ElasticSearch, kafka 등) python 등을 이용한 업무 자동화 유경험자 EDR/백신 관리 유경험자 적극적이고 긍정적인 마인드 보유자 원활한..."
https://kr.indeed.com/jobs?q=python&limit=50&vjk=9d2eee513761aded,DB Engineer 모집,성남 판교역,"분 원활한 커뮤니케이션이 가능하신 분 [우대사항] 대용량 DBMS 운영 경험이 있는 분 Golang, Python, Java등으로 API 기반 서비스 개발이 가능한 분 React, Vue.js 등 프론트개발 경험이 있으신..."
https://kr.indeed.com/jobs?q=python&limit=50&vjk=f384026e8fdd4b35,솔루션(웹/서버/통신) 프로그램 개발,서울 중구,인터넷·IT·통신·모바일·게임>웹프로그래머>백엔드|인터넷·IT·통신·모바일·게임>웹프로그래머>프론트엔드|인터넷·IT·통신·모바일·게임>웹프로그래머> Python|인터넷·IT·통신·모바일·게임>빅데이터·AI(인공지능)>음성인식
https://kr.indeed.com/jobs?q=python&limit=50&vjk=40de6a4b81f8724f,[전문연구요원 신규편입/전직] 의료영상/음성인식/생체신호 연구원,서울 서초구,인공지능)>텍스트마이닝|인터넷·IT·통신·모바일·게임>빅데이터·AI(인공지능)>인공지능(AI)|인터넷·IT·통신·모바일·게임>빅데이터·AI(인공지능)> Python|인터넷·IT·통신·모바일·게임>빅데이터·AI(인공지능)>딥러닝
https://kr.indeed.com/jobs?q=python&limit=50&vjk=5331de34a85a125a,[코그넥스] 딥러닝 연구원 (신입/경력/전문연구요원),서울 서초구,"network 등) - Deep Learning 방법론에 대한 데모 프로그램 제작 및 제품화 코드 작성 ( Python / C++) - 다양한 종류의 제조업 이미지 데이터에 대한 탐색, 분석 및 전처리 모듈 구현 - 최신..."
https://kr.indeed.com/jobs?q=python&limit=50&vjk=a0891a269f634f95,기판소재사업부 경력사원,경상북도 구미,"Transformation) 업무 수행 - 사업부 공장자동화, 업무효율화 대응 - 프로그램 개발/운영( Python, Java, C/C++ 유경험자) - RPA(Robotic Process Automation) 유경험자..."
https://kr.indeed.com/jobs?q=python&limit=50&vjk=ced15ce8e8c9c0b8,[진행중] 우리은행 AI사업부 전문직(인공지능[AI]모델링) 채용공고,서울 회현동,"포함 디지털 서비스 기획 경험자 - 인공지능 알고리즘 설계/검증 및 성능 개선 업무 경력 보유 - Python, R 등 프로그래밍 활용 역량 보유 - 은행, 카드, 보험 등 금융 분야 프로젝트 경험자 우대사항..."
https://kr.indeed.com/jobs?q=python&limit=50&vjk=f7bcab2e4a6349c9,"DynamoDB Solutions Architect , World Wide Specialists, Datab...",서울,"development experience using languages... Java, Python, Go, and Node.js · Experience with relational databases, data..."
https://kr.indeed.com/jobs?q=python&limit=50&vjk=c41af20fbf0580eb,Solutions Architect,서울,"experience with C/C++ or Java Scripting experience with Python, Ruby, Perl, Bash. Ability and flexibility to travel to work..."
https://kr.indeed.com/jobs?q=python&limit=50&vjk=031eec3794f09645,데이터 서비스/플랫폼 개발,성남 판교역,"데이터 수집, 처리 및 지표 분석 경험 - 데이터 기반의 문제해결 역량 및 논리적 사고 - Java, Python, Scala 중 최소 1가지 언어를 이용한 데이터 분석 및 소프트웨어 개발 역량 - 통계분석, ML/AI..."
https://kr.indeed.com/jobs?q=python&limit=50&vjk=915b6c68628695d6,AI Research Engineer - Intel Contract,서울,"PyTorch, and Caffe - Strong programming skills with C/C++ and Python - Experiences in programming and testing on Linux..."
https://kr.indeed.com/jobs?q=python&limit=50&vjk=04d685fc70b67d4e,Linux/Python/PHP/MySQL/백엔드 정규직 경력,용인 보정동,"보유 - DBMS(MySQL or MariaDB), scripting Language: bash, python, OOP 언어 중 가능자 - Back-End 서버를 개발해 보신 분 [우대사항] - Go(aka GoLang..."
https://kr.indeed.com/jobs?q=python&limit=50&vjk=b2eb1fe78ff9ee5f,[대기업] 데이터분석가 경력 (대리~과장급 2명),서울,"경력5년 이상-통계분석과 Machine Learning알고리즘에 대한 기본지식 보유-SQL, SAS, R, Python 중2개 이상의 분석도구에 대한 기본 이해-현상에 대한 문제인식과 적극적인 문제해결의지-통계적 수치에 대한..."
https://kr.indeed.com/jobs?q=python&limit=50&vjk=449af19ea7ca3db5,[TmaxAI/R&D] AI & FinTech 부문 프론트엔드 개발자(2022년 상반기 신입 공채(Front...,성남 분당구,"전산관련 전공 - 반응형 디자인, 웹 접근성, 웹 표준을 고려한 UI 개발 경험이 있는 분 - Node.js, Python, PHP와 같은 다양한 언어 및 프레임워크 경험이 있는 분 - 테스트 및 배포 자동화 경험이 있는 분..."
https://kr.indeed.com/jobs?q=python&limit=50&vjk=d7527395199fd664,Consulting Engineer (Full Time) - Korea,서울,"experience in Linux and programming languages like Python, Java , JavaScript etc. • Strong communication and collaboration..."
https://kr.indeed.com/jobs?q=python&limit=50&vjk=28b343c3943a7dca,"웹개발, 백엔드 외 경력 정규직",서울 성동구,"요건]경력사항: 경력(1년 이상 3년 이하)학력사항: 학력무관직무기술: Python, django 1 명 근무조건 고용형태: 정규직근무부서: 개발팀급... 로그래머>프론트엔드|인터넷·IT·통신·모바일·게임>웹프로그래머> Python"
https://kr.indeed.com/jobs?q=python&limit=50&vjk=c3f8b11f7635fc0f,자동차 전장 SW Engineering 분야 전문가,서울 강서구,"시스템, 릴리즈 관리, 변경 관리 경험 3년 이상 - Yocto, Android 등 개발 환경 - C/C++, Python, Git, Gerrit, CMake, Make 등 - 컨테이너, 클라우드 기반의 빌드 환경 ﻿구축..."
https://kr.indeed.com/jobs?q=python&limit=50&vjk=45ef50c3481fd92f,[신용리스크모델링 Intern] 개인 신용평가모형 개발 및 운영직(채용 연계형),성남 삼평동,"Learning을 비롯한 최신 통계모형을 활용하여 신용평가모형을 개발하고 운영합니다. SAS, SQL, Python, R 등을 활용한 데이터 분석 능력이 필요하며, 데이터 분석 대회에서 입상한 분, 통계/수학/산업공학/상경계..."
https://kr.indeed.com/jobs?q=python&limit=50&vjk=ae8705206d8ae829,"Lead Software Engineer, Search",서울 강남구,"field.Experience coding in C++, Python, or Java.Ability to speak and write... 통신·모바일·게임>응용프로그래머> Python|인터넷·IT·통신·모바일·게임..."
https://kr.indeed.com/jobs?q=python&limit=50&vjk=f918bbdb2030f3bf,Product Engineer - Fab Analytics,경기도 성남,"working as process, integration or yield engineer. Python programming languages. UNIX/Linux operating systems is required..."
https://kr.indeed.com/jobs?q=python&limit=50&vjk=db4a5711c648bf69,Cloud Architect - Cloud Native,서울,"expertise in one or more software languages... Java, Python, Go, JavaScript, C++ or similar. Desirable Experience..."
https://kr.indeed.com/jobs?q=python&limit=50&vjk=3cd339cf8959f44d,생명정보학 부문 박사졸 선임연구원 정규직 정규직,서울 서대문구,"- Python or R 활용가능 -Linux terminal 능숙 -생물학... 생명정보학, 생물정보학-외국어: 영어 회화가능,독해가능,작문가능- Python or R 활용가능- Linux terminal 능숙- 생물학 기초 수강..."
https://kr.indeed.com/jobs?q=python&limit=50&vjk=00de2b26815d022e,[웹젠] DBA(신입),성남 분당구,로운 기술과 도전을 좋아하는 분 - Data에 대한 관심이 높은 분 - Python 프로그램 경험이 있는 분 • 기타 - 수시채용은 공고 게시 중에도... 에 대한 관심이 높은 분 - Python 프로그램 경험이 있는 분 • 기타...
https://kr.indeed.com/jobs?q=python&limit=50&vjk=9193b9de45a0ac1c,Embedded Software Engineer - Connected,경기도 성남,"skills with C, C++ and other script languages (i.e. python etc..) Strong knowledge... IOT devices communication protocols..."
https://kr.indeed.com/jobs?q=python&limit=50&vjk=22d44a65a579f52a,광학솔루션사업부 R&D 신입 석/박사,경기도 안산,"microscopy - 프로그래밍 언어 사용 가능자 (Matlab, Python) [학력] - 석/박사 이상, 응용물리학/이공계열 전공자 [모집직무... 개발 경험자 우대(C/C++, Python, Matlab 등) - 제어..."
https://kr.indeed.com/jobs?q=python&limit=50&vjk=c9a8d76e1c7515bf,2021-2회 데이터 사이언스 그룹 박사후연구원,대전,"PNAS, Science, Nature), 다음의 분석언어와 도구를 하나 이상 능숙하게 다룰 수 있는 자( Python/R/Scala/Scikit-learn/Spark/TensorFlow/PyTorch) ㅇ 인원: 3명 ㅁ..."
https://kr.indeed.com/jobs?q=python&limit=50&vjk=3d1690b2dd2249f8,"[K디지털 트레이닝] 전액 국비지원 IT취업연계 교육 빅데이터, 인공지능",서울 마포구,개발전문과정 인터넷·IT·통신·모바일·게임>웹프로그래머>JAVA|인터넷·IT·통신·모바일·게임>웹프로그래머> Python|인터넷·IT·통신·모바일·게임>빅데이터·AI(인공지능)>빅데이터|인터넷·IT·통신·모바일·게임>빅데이터...
https://kr.indeed.com/jobs?q=python&limit=50&vjk=3b1aacc7e45f068a,농업정책보험금융원 신규직원,서울,"통계 패키지*를 활용하여 통계, 응용통계 및 데이터 분석 업무 경력이 1년 이상인 자 * SAS, R, python 등 * 경력증명서(담당업무 혹은 소속부서로 업무 추정이 가능할 경우 소속부서가 명시되어야 함) 제출 전형단계..."
https://kr.indeed.com/jobs?q=python&limit=50&vjk=88a59364cd7a0fa1,Support Engineer-PaaS Dev,서울,"Java, Node, Python, PHP and Ruby, .NET... Linux, NGNIX, Apache, Java, Node, Python, PHP and Ruby • Experience with customer..."
https://kr.indeed.com/jobs?q=python&limit=50&vjk=6d4fbb79bc9dcd07,Cloud Solution Engineer,서울,"타 오라클 제품과 오라클 데이터베이스 연동 경험 - 어플리케이션 개발 경험 : Java, Node.js, Python 등 - DB 마이그레이션 경험 - 타 클라우드 DB 서비스(AWS, Azure, GCP 등) 경험..."
https://kr.indeed.com/jobs?q=python&limit=50&vjk=3e96bc531d76390a,가우스랩스 Computer Vision & Image Processing Applied Scientist,서울특별시,"실무 경험 보유. 생산적이고 건강한 조직 문화를 만들고자 하는 의지. 우대 영어 의사소통 능력. Python, C++ 등 프로그래밍 언어 및 PyTorch, Tensorflow 등 딥러닝 툴 전문 활용 가능. 영입..."
